"name","stbno","vcNo","isSamePack","amount","time","products"
"test user","1306c9916490123","11111111",true,7.08,"2020-01-11 15:33:11","[""ET NOW"",""ETV Abhiruchi HD""]"
"test user","1306c9916490123","11111111",true,7.08,"2020-01-11 15:33:11","[""ET NOW"",""ETV Abhiruchi HD""]"
"test user","1306c9916490123","11111111",true,7.08,"2020-01-11 15:33:11","[""ET NOW"",""ETV Abhiruchi HD""]"
"test user","1306c9916490123","11111111",true,7.08,"2020-01-11 15:33:11","[""ET NOW"",""ETV Abhiruchi HD""]"
"test user","1306c9916490123","11111111",true,7.08,"2020-01-11 15:33:11","[""ET NOW"",""ETV Abhiruchi HD""]"
"test user","1306c9916490123","11111111",true,7.08,"2020-01-11 15:33:11","[""ET NOW"",""ETV Abhiruchi HD""]"
"test user","1306c9916490123","11111111",true,7.08,"2020-01-11 15:33:11","[""ET NOW"",""ETV Abhiruchi HD""]"
"NAREN BESRA","1306C9916490330144","01764785508",false,300,"2020-01-11 12:59:31","[""SITI FAMILY PACK-300""]"
"SUSHANT KUMAR MANDAL","1306C9916490331882","01764783937",true,357.08,"2020-01-11 12:42:32","[""NICK"",""SITI FAMILY PACK-350""]"
"DIBRU SOREN","1626C0105490129153","01331712701",true,219.42,"2020-01-11 12:29:04","[""FTA NCF 130"",""NCF 20"",""ZEE NETWORK BOUQUET @ 39""]"
"SALUKA HEMBRAM","1507C0143490017954","01767828296",true,329.5,"2020-01-11 12:27:37","[""COLORS BANGLA VALUE PLUS -25"",""SITI FAMILY PACK-300""]"
"JAGDISH HEMBRAM 2","1632C0108490078611","01331880419",true,330.46,"2020-01-11 12:08:35","[""NICK"",""SITI FAMILY PACK-275"",""SONIC"",""Sony Happy India Sports-39""]"
"JAGDISH HEMBRAM 1","1306C9916490328974","01764785608",true,329.5,"2020-01-11 12:08:56","[""COLORS BANGLA VALUE PLUS -25"",""SITI FAMILY PACK-300""]"
"SUNIL MAHANTI","1631c0107490037007","01767828417",true,329.5,"2020-01-11 12:02:33","[""COLORS BANGLA VALUE PLUS -25"",""SITI FAMILY PACK-300""]"
"JAGDISH PATRO","1306C9916490341458","01764784233",true,300.12,"2020-01-11 11:48:30","[""NAXATRA NEWS JHARKHAND BIHAR"",""NEWS18 J&K"",""News 18 Bihar Jharkhand"",""SITI FAMILY PACK-300""]"
"ARUN KUMAR KARUA II","1507C0143490014762","01767828254",true,350,"2020-01-11 11:18:34","[""SITI FAMILY PACK-350""]"
"ARUN KUMAR KARUA","1306C9916490330140","01764783835",true,440,"2020-01-11 11:17:18","[""SITI MEGA PACK-440""]"
"M SUBRAMANIYAM","1631C0107490057266","01764785233",true,242.97,"2020-01-11 11:13:47","[""& Picture"",""Aaj Tak"",""Animal Planet"",""FTA NCF 130"",""MAX 2"",""Movies OK"",""NCF 20"",""News 18 India"",""Rishtey Cineplex"",""SONY Wah"",""SUN TV"",""Star Gold"",""Star Utsav Movies"",""Sun News"",""The Disney Channel"",""UTV Action"",""UTV Movies"",""Zee Action"",""Zee Bollywood"",""Zee News""]"
"PRADIP KUMAR MANDAL","1637C0113490038129","01332483231",true,282.82,"2020-01-11 11:09:30","[""Discovery Jeet"",""SAB"",""SITI FAMILY PACK-225"",""STAR DISNEYS UNIVERSAL BOQUET @ 10"",""Zee TV""]"
"NAVIN PRASAD","1306C9916490338285","01764784260",true,325.96,"2020-01-11 10:52:40","[""COLORS BANGLA BUDGET PACK-22"",""SITI FAMILY PACK-300""]"
"SANAT SAHU","1711T0220490712745","02514538670",true,275,"2020-01-11 10:31:18","[""SITI FAMILY PACK-275""]"
"HAKIM SINGH","1306C9916490330694","01764785228",false,238.31,"2020-01-11 10:25:48","[""Aaj Tak"",""Aaj Tak Tez"",""FTA NCF 130"",""NCF 20"",""STAR DISNEYS UNIVERSAL BOQUET @ 10"",""Star Sports 1 Hindi"",""TURNER @10"",""Zee Cinema""]"
"AMIT PRASAD","1702C0204490122032","02511095034",true,282.08,"2020-01-11 10:00:17","[""NICK"",""SITI FAMILY PACK-275""]"
"SINGRAI HANSDA","1711T0220490704577","02514531561",true,341.3,"2020-01-11 09:57:23","[""COLORS BANGLA VALUE PLUS -25"",""SITI FAMILY PACK-300"",""STAR DISNEYS UNIVERSAL BOQUET @ 10""]"
"test user","1306c9916490123","11111111",true,7.08,"2020-01-11 15:33:11","[""ET NOW"",""ETV Abhiruchi HD""]"
"test user","1306c9916490123","11111111",true,7.08,"2020-01-11 15:33:11","[""ET NOW"",""ETV Abhiruchi HD""]"
"test user","1306c9916490123","11111111",true,7.08,"2020-01-11 15:33:11","[""ET NOW"",""ETV Abhiruchi HD""]"
"test user","1306c9916490123","11111111",true,7.08,"2020-01-11 15:33:11","[""ET NOW"",""ETV Abhiruchi HD""]"